Workbook

Sheet Summary
A1: Ablation Study — Cross-Model Summary
A2: Metric | B2: Claude Sonnet 4.6 | C2: GPT-4o | D2: Gemini 1.5 Pro | E2: DeepSeek-Coder-V2 | F2: Best performer
A3: Count out of 20 examples | B3: n=20 | C3: n=20 | D3: n=20 | E3: n=20 | F3: auto
A4: Full Pipeline Pass Rate (1st attempt) | B4: =COUNTIF(Claude!R4:R23,"yes") -> 0 | C4: =COUNTIF('GPT-4o'!R4:R23,"yes") -> 0 | D4: =COUNTIF(Gemini!R4:R23,"yes") -> 0 | E4: =COUNTIF(DeepSeek!R4:R23,"yes") -> 0 | F4: =IF(AND(B4>=C4,B4>=D4,B4>=E4),"Claude Sonnet 4.6",IF(AND(C4>=B4,C4>=D4,C4>=E4),"GPT-4o",IF(AND(D4>=B4,D4>=C4,D4>=E4),"Gemini 1.5 Pro","DeepSeek-Coder-V2"))) -> Claude Sonnet 4.6
A5: Tier 1 Pass Rate (1st attempt) | B5: =COUNTIF(Claude!P4:P23,"yes") -> 0 | C5: =COUNTIF('GPT-4o'!P4:P23,"yes") -> 0 | D5: =COUNTIF(Gemini!P4:P23,"yes") -> 0 | E5: =COUNTIF(DeepSeek!P4:P23,"yes") -> 0 | F5: =IF(AND(B5>=C5,B5>=D5,B5>=E5),"Claude Sonnet 4.6",IF(AND(C5>=B5,C5>=D5,C5>=E5),"GPT-4o",IF(AND(D5>=B5,D5>=C5,D5>=E5),"Gemini 1.5 Pro","DeepSeek-Coder-V2"))) -> Claude Sonnet 4.6
A6: Tier 2 Pass Rate (1st attempt) | B6: =COUNTIF(Claude!Q4:Q23,"yes") -> 0 | C6: =COUNTIF('GPT-4o'!Q4:Q23,"yes") -> 0 | D6: =COUNTIF(Gemini!Q4:Q23,"yes") -> 0 | E6: =COUNTIF(DeepSeek!Q4:Q23,"yes") -> 0 | F6: =IF(AND(B6>=C6,B6>=D6,B6>=E6),"Claude Sonnet 4.6",IF(AND(C6>=B6,C6>=D6,C6>=E6),"GPT-4o",IF(AND(D6>=B6,D6>=C6,D6>=E6),"Gemini 1.5 Pro","DeepSeek-Coder-V2"))) -> Claude Sonnet 4.6
A7: iter_refactor = 1 | B7: =COUNTIF(Claude!C4:C23,"1") -> 0 | C7: =COUNTIF('GPT-4o'!C4:C23,"1") -> 0 | D7: =COUNTIF(Gemini!C4:C23,"1") -> 0 | E7: =COUNTIF(DeepSeek!C4:C23,"1") -> 0 | F7: =IF(AND(B7>=C7,B7>=D7,B7>=E7),"Claude Sonnet 4.6",IF(AND(C7>=B7,C7>=D7,C7>=E7),"GPT-4o",IF(AND(D7>=B7,D7>=C7,D7>=E7),"Gemini 1.5 Pro","DeepSeek-Coder-V2"))) -> Claude Sonnet 4.6
A8: iter_translate = 1 | B8: =COUNTIF(Claude!F4:F23,"1") -> 0 | C8: =COUNTIF('GPT-4o'!F4:F23,"1") -> 0 | D8: =COUNTIF(Gemini!F4:F23,"1") -> 0 | E8: =COUNTIF(DeepSeek!F4:F23,"1") -> 0 | F8: =IF(AND(B8>=C8,B8>=D8,B8>=E8),"Claude Sonnet 4.6",IF(AND(C8>=B8,C8>=D8,C8>=E8),"GPT-4o",IF(AND(D8>=B8,D8>=C8,D8>=E8),"Gemini 1.5 Pro","DeepSeek-Coder-V2"))) -> Claude Sonnet 4.6
A9: iter_verifier = 1 | B9: =COUNTIF(Claude!M4:M23,"1") -> 0 | C9: =COUNTIF('GPT-4o'!M4:M23,"1") -> 0 | D9: =COUNTIF(Gemini!M4:M23,"1") -> 0 | E9: =COUNTIF(DeepSeek!M4:M23,"1") -> 0 | F9: =IF(AND(B9>=C9,B9>=D9,B9>=E9),"Claude Sonnet 4.6",IF(AND(C9>=B9,C9>=D9,C9>=E9),"GPT-4o",IF(AND(D9>=B9,D9>=C9,D9>=E9),"Gemini 1.5 Pro","DeepSeek-Coder-V2"))) -> Claude Sonnet 4.6
A10: F1 RNG errors | B10: =COUNTIF(Claude!G4:G23,"yes") -> 0 | C10: =COUNTIF('GPT-4o'!G4:G23,"yes") -> 0 | D10: =COUNTIF(Gemini!G4:G23,"yes") -> 0 | E10: =COUNTIF(DeepSeek!G4:G23,"yes") -> 0 | F10: =IF(AND(B10>=C10,B10>=D10,B10>=E10),"Claude Sonnet 4.6",IF(AND(C10>=B10,C10>=D10,C10>=E10),"GPT-4o",IF(AND(D10>=B10,D10>=C10,D10>=E10),"Gemini 1.5 Pro","DeepSeek-Coder-V2"))) -> Claude Sonnet 4.6
A11: F2 Structure errors | B11: =COUNTIF(Claude!H4:H23,"yes") -> 0 | C11: =COUNTIF('GPT-4o'!H4:H23,"yes") -> 0 | D11: =COUNTIF(Gemini!H4:H23,"yes") -> 0 | E11: =COUNTIF(DeepSeek!H4:H23,"yes") -> 0 | F11: =IF(AND(B11>=C11,B11>=D11,B11>=E11),"Claude Sonnet 4.6",IF(AND(C11>=B11,C11>=D11,C11>=E11),"GPT-4o",IF(AND(D11>=B11,D11>=C11,D11>=E11),"Gemini 1.5 Pro","DeepSeek-Coder-V2"))) -> Claude Sonnet 4.6
A12: F3 Gradient errors | B12: =COUNTIF(Claude!I4:I23,"yes") -> 0 | C12: =COUNTIF('GPT-4o'!I4:I23,"yes") -> 0 | D12: =COUNTIF(Gemini!I4:I23,"yes") -> 0 | E12: =COUNTIF(DeepSeek!I4:I23,"yes") -> 0 | F12: =IF(AND(B12>=C12,B12>=D12,B12>=E12),"Claude Sonnet 4.6",IF(AND(C12>=B12,C12>=D12,C12>=E12),"GPT-4o",IF(AND(D12>=B12,D12>=C12,D12>=E12),"Gemini 1.5 Pro","DeepSeek-Coder-V2"))) -> Claude Sonnet 4.6
A13: F4 JIT errors | B13: =COUNTIF(Claude!J4:J23,"yes") -> 0 | C13: =COUNTIF('GPT-4o'!J4:J23,"yes") -> 0 | D13: =COUNTIF(Gemini!J4:J23,"yes") -> 0 | E13: =COUNTIF(DeepSeek!J4:J23,"yes") -> 0 | F13: =IF(AND(B13>=C13,B13>=D13,B13>=E13),"Claude Sonnet 4.6",IF(AND(C13>=B13,C13>=D13,C13>=E13),"GPT-4o",IF(AND(D13>=B13,D13>=C13,D13>=E13),"Gemini 1.5 Pro","DeepSeek-Coder-V2"))) -> Claude Sonnet 4.6
A14: F5 Library errors | B14: =COUNTIF(Claude!K4:K23,"yes") -> 0 | C14: =COUNTIF('GPT-4o'!K4:K23,"yes") -> 0 | D14: =COUNTIF(Gemini!K4:K23,"yes") -> 0 | E14: =COUNTIF(DeepSeek!K4:K23,"yes") -> 0 | F14: =IF(AND(B14>=C14,B14>=D14,B14>=E14),"Claude Sonnet 4.6",IF(AND(C14>=B14,C14>=D14,C14>=E14),"GPT-4o",IF(AND(D14>=B14,D14>=C14,D14>=E14),"Gemini 1.5 Pro","DeepSeek-Coder-V2"))) -> Claude Sonnet 4.6
A15: F6 Refactor errors | B15: =COUNTIF(Claude!D4:D23,"yes") -> 0 | C15: =COUNTIF('GPT-4o'!D4:D23,"yes") -> 0 | D15: =COUNTIF(Gemini!D4:D23,"yes") -> 0 | E15: =COUNTIF(DeepSeek!D4:D23,"yes") -> 0 | F15: =IF(AND(B15>=C15,B15>=D15,B15>=E15),"Claude Sonnet 4.6",IF(AND(C15>=B15,C15>=D15,C15>=E15),"GPT-4o",IF(AND(D15>=B15,D15>=C15,D15>=E15),"Gemini 1.5 Pro","DeepSeek-Coder-V2"))) -> Claude Sonnet 4.6
A16: F7 Verifier errors | B16: =COUNTIF(Claude!N4:N23,"yes") -> 0 | C16: =COUNTIF('GPT-4o'!N4:N23,"yes") -> 0 | D16: =COUNTIF(Gemini!N4:N23,"yes") -> 0 | E16: =COUNTIF(DeepSeek!N4:N23,"yes") -> 0 | F16: =IF(AND(B16>=C16,B16>=D16,B16>=E16),"Claude Sonnet 4.6",IF(AND(C16>=B16,C16>=D16,C16>=E16),"GPT-4o",IF(AND(D16>=B16,D16>=C16,D16>=E16),"Gemini 1.5 Pro","DeepSeek-Coder-V2"))) -> Claude Sonnet 4.6
A19: Full Pipeline Pass Rate — By Difficulty
A20: Difficulty | B20: Claude | C20: GPT-4o | D20: Gemini | E20: DeepSeek
A21: Easy | B21: =COUNTIF(Claude!R4:R10,"yes") -> 0 | C21: =COUNTIF('GPT-4o'!R4:R10,"yes") -> 0 | D21: =COUNTIF(Gemini!R4:R10,"yes") -> 0 | E21: =COUNTIF(DeepSeek!R4:R10,"yes") -> 0
A22: Medium | B22: =COUNTIF(Claude!R11:R17,"yes") -> 0 | C22: =COUNTIF('GPT-4o'!R11:R17,"yes") -> 0 | D22: =COUNTIF(Gemini!R11:R17,"yes") -> 0 | E22: =COUNTIF(DeepSeek!R11:R17,"yes") -> 0
A23: Hard | B23: =COUNTIF(Claude!R18:R23,"yes") -> 0 | C23: =COUNTIF('GPT-4o'!R18:R23,"yes") -> 0 | D23: =COUNTIF(Gemini!R18:R23,"yes") -> 0 | E23: =COUNTIF(DeepSeek!R18:R23,"yes") -> 0
A25: Failure Mode Frequency by Model
A26: Failure Mode | B26: Claude | C26: GPT-4o | D26: Gemini | E26: DeepSeek | F26: Total
A27: F1 — RNG error | B27: =COUNTIF(Claude!G4:G23,"yes") -> 0 | C27: =COUNTIF('GPT-4o'!G4:G23,"yes") -> 0 | D27: =COUNTIF(Gemini!G4:G23,"yes") -> 0 | E27: =COUNTIF(DeepSeek!G4:G23,"yes") -> 0 | F27: =SUM(B27,C27,D27,E27) -> 0
A28: F2 — Structure error | B28: =COUNTIF(Claude!H4:H23,"yes") -> 0 | C28: =COUNTIF('GPT-4o'!H4:H23,"yes") -> 0 | D28: =COUNTIF(Gemini!H4:H23,"yes") -> 0 | E28: =COUNTIF(DeepSeek!H4:H23,"yes") -> 0 | F28: =SUM(B28,C28,D28,E28) -> 0
A29: F3 — Gradient error | B29: =COUNTIF(Claude!I4:I23,"yes") -> 0 | C29: =COUNTIF('GPT-4o'!I4:I23,"yes") -> 0 | D29: =COUNTIF(Gemini!I4:I23,"yes") -> 0 | E29: =COUNTIF(DeepSeek!I4:I23,"yes") -> 0 | F29: =SUM(B29,C29,D29,E29) -> 0
A30: F4 — JIT error | B30: =COUNTIF(Claude!J4:J23,"yes") -> 0 | C30: =COUNTIF('GPT-4o'!J4:J23,"yes") -> 0 | D30: =COUNTIF(Gemini!J4:J23,"yes") -> 0 | E30: =COUNTIF(DeepSeek!J4:J23,"yes") -> 0 | F30: =SUM(B30,C30,D30,E30) -> 0
A31: F5 — Library error | B31: =COUNTIF(Claude!K4:K23,"yes") -> 0 | C31: =COUNTIF('GPT-4o'!K4:K23,"yes") -> 0 | D31: =COUNTIF(Gemini!K4:K23,"yes") -> 0 | E31: =COUNTIF(DeepSeek!K4:K23,"yes") -> 0 | F31: =SUM(B31,C31,D31,E31) -> 0
A32: F6 — Refactor error | B32: =COUNTIF(Claude!D4:D23,"yes") -> 0 | C32: =COUNTIF('GPT-4o'!D4:D23,"yes") -> 0 | D32: =COUNTIF(Gemini!D4:D23,"yes") -> 0 | E32: =COUNTIF(DeepSeek!D4:D23,"yes") -> 0 | F32: =SUM(B32,C32,D32,E32) -> 0
A33: F7 — Verifier error | B33: =COUNTIF(Claude!N4:N23,"yes") -> 0 | C33: =COUNTIF('GPT-4o'!N4:N23,"yes") -> 0 | D33: =COUNTIF(Gemini!N4:N23,"yes") -> 0 | E33: =COUNTIF(DeepSeek!N4:N23,"yes") -> 0 | F33: =SUM(B33,C33,D33,E33) -> 0

Sheet Claude
A1: Experiment Tracking — Claude Sonnet 4.6
A2: Example ID | B2: Difficulty | C2: iter_refactor | D2: F6 observed | E2: Refactor notes | F2: iter_translate | G2: F1 RNG error | H2: F2 Structure error | I2: F3 Gradient error | J2: F4 JIT error | K2: F5 Library error | L2: Translation notes | M2: iter_verifier | N2: F7 observed | O2: Verifier notes | P2: Tier 1 pass | Q2: Tier 2 pass | R2: Full pipeline pass | S2: Notes
A3: e1-e7, m1-m7, h1-h6 | B3: Easy / Medium / Hard | C3: 1, 2, 3, or FAIL | D3: yes / no — refactoring logic change | E3: Brief description of any F6 failure | F3: 1, 2, 3, or FAIL | G3: yes / no | H3: yes / no | I3: yes / no | J3: yes / no | K3: yes / no | L3: Brief description of failure | M3: 1, 2, 3, or FAIL | N3: yes / no — wrong imports, RNG in test, etc. | O3: Brief description of any F7 failure | P3: yes / no — unit equivalence | Q3: yes / no — convergence equivalence | R3: yes/no — auto from formula | S3: Any unusual behaviour
A4: e1 | B4: Easy | R4: =IF(AND(C4="1",F4="1",M4="1",P4="yes",Q4="yes"),"yes","no") -> no
A5: e2 | B5: Easy | R5: =IF(AND(C5="1",F5="1",M5="1",P5="yes",Q5="yes"),"yes","no") -> no
A6: e3 | B6: Easy | R6: =IF(AND(C6="1",F6="1",M6="1",P6="yes",Q6="yes"),"yes","no") -> no
A7: e4 | B7: Easy | R7: =IF(AND(C7="1",F7="1",M7="1",P7="yes",Q7="yes"),"yes","no") -> no
A8: e5 | B8: Easy | R8: =IF(AND(C8="1",F8="1",M8="1",P8="yes",Q8="yes"),"yes","no") -> no
A9: e6 | B9: Easy | R9: =IF(AND(C9="1",F9="1",M9="1",P9="yes",Q9="yes"),"yes","no") -> no
A10: e7 | B10: Easy | R10: =IF(AND(C10="1",F10="1",M10="1",P10="yes",Q10="yes"),"yes","no") -> no
A11: m1 | B11: Medium | R11: =IF(AND(C11="1",F11="1",M11="1",P11="yes",Q11="yes"),"yes","no") -> no
A12: m2 | B12: Medium | R12: =IF(AND(C12="1",F12="1",M12="1",P12="yes",Q12="yes"),"yes","no") -> no
A13: m3 | B13: Medium | R13: =IF(AND(C13="1",F13="1",M13="1",P13="yes",Q13="yes"),"yes","no") -> no
A14: m4 | B14: Medium | R14: =IF(AND(C14="1",F14="1",M14="1",P14="yes",Q14="yes"),"yes","no") -> no
A15: m5 | B15: Medium | R15: =IF(AND(C15="1",F15="1",M15="1",P15="yes",Q15="yes"),"yes","no") -> no
... A23: h6 | B23: Hard | R23: =IF(AND(C23="1",F23="1",M23="1",P23="yes",Q23="yes"),"yes","no") -> no
A25: Summary Statistics — Claude Sonnet 4.6
A26: Metric | B26: All (n=20) | C26: Easy (n=7) | D26: Medium (n=7) | E26: Hard (n=6)
A27: Full pipeline pass (1st attempt) | B27: =COUNTIF(R4:R23,"yes") -> 0 | C27: =COUNTIF((R4~R5~R6~R7~R8~R9~R10),"yes") -> 0 | D27: =COUNTIF((R11~R12~R13~R14~R15~R16~R17),"yes") -> 0 | E27: =COUNTIF((R18~R19~R20~R21~R22~R23),"yes") -> 0
A28: Tier 1 pass (1st attempt) | B28: =COUNTIF(P4:P23,"yes") -> 0 | C28: =COUNTIF((P4~P5~P6~P7~P8~P9~P10),"yes") -> 0 | D28: =COUNTIF((P11~P12~P13~P14~P15~P16~P17),"yes") -> 0 | E28: =COUNTIF((P18~P19~P20~P21~P22~P23),"yes") -> 0
A29: Tier 2 pass (1st attempt) | B29: =COUNTIF(Q4:Q23,"yes") -> 0 | C29: =COUNTIF((Q4~Q5~Q6~Q7~Q8~Q9~Q10),"yes") -> 0 | D29: =COUNTIF((Q11~Q12~Q13~Q14~Q15~Q16~Q17),"yes") -> 0 | E29: =COUNTIF((Q18~Q19~Q20~Q21~Q22~Q23),"yes") -> 0
A30: iter_refactor = 1 | B30: =COUNTIF(C4:C23,"1") -> 0 | C30: =COUNTIF((C4~C5~C6~C7~C8~C9~C10),"1") -> 0 | D30: =COUNTIF((C11~C12~C13~C14~C15~C16~C17),"1") -> 0 | E30: =COUNTIF((C18~C19~C20~C21~C22~C23),"1") -> 0
A31: iter_translate = 1 | B31: =COUNTIF(F4:F23,"1") -> 0 | C31: =COUNTIF((F4~F5~F6~F7~F8~F9~F10),"1") -> 0 | D31: =COUNTIF((F11~F12~F13~F14~F15~F16~F17),"1") -> 0 | E31: =COUNTIF((F18~F19~F20~F21~F22~F23),"1") -> 0
A32: iter_verifier = 1 | B32: =COUNTIF(M4:M23,"1") -> 0 | C32: =COUNTIF((M4~M5~M6~M7~M8~M9~M10),"1") -> 0 | D32: =COUNTIF((M11~M12~M13~M14~M15~M16~M17),"1") -> 0 | E32: =COUNTIF((M18~M19~M20~M21~M22~M23),"1") -> 0
A33: F1 RNG errors observed | B33: =COUNTIF(G4:G23,"yes") -> 0 | C33: =COUNTIF((G4~G5~G6~G7~G8~G9~G10),"yes") -> 0 | D33: =COUNTIF((G11~G12~G13~G14~G15~G16~G17),"yes") -> 0 | E33: =COUNTIF((G18~G19~G20~G21~G22~G23),"yes") -> 0
A34: F2 Structure errors observed | B34: =COUNTIF(H4:H23,"yes") -> 0 | C34: =COUNTIF((H4~H5~H6~H7~H8~H9~H10),"yes") -> 0 | D34: =COUNTIF((H11~H12~H13~H14~H15~H16~H17),"yes") -> 0 | E34: =COUNTIF((H18~H19~H20~H21~H22~H23),"yes") -> 0
A35: F3 Gradient errors observed | B35: =COUNTIF(I4:I23,"yes") -> 0 | C35: =COUNTIF((I4~I5~I6~I7~I8~I9~I10),"yes") -> 0 | D35: =COUNTIF((I11~I12~I13~I14~I15~I16~I17),"yes") -> 0 | E35: =COUNTIF((I18~I19~I20~I21~I22~I23),"yes") -> 0
A36: F4 JIT errors observed | B36: =COUNTIF(J4:J23,"yes") -> 0 | C36: =COUNTIF((J4~J5~J6~J7~J8~J9~J10),"yes") -> 0 | D36: =COUNTIF((J11~J12~J13~J14~J15~J16~J17),"yes") -> 0 | E36: =COUNTIF((J18~J19~J20~J21~J22~J23),"yes") -> 0
A37: F5 Library errors observed | B37: =COUNTIF(K4:K23,"yes") -> 0 | C37: =COUNTIF((K4~K5~K6~K7~K8~K9~K10),"yes") -> 0 | D37: =COUNTIF((K11~K12~K13~K14~K15~K16~K17),"yes") -> 0 | E37: =COUNTIF((K18~K19~K20~K21~K22~K23),"yes") -> 0
A38: F6 Refactor errors observed | B38: =COUNTIF(D4:D23,"yes") -> 0 | C38: =COUNTIF((D4~D5~D6~D7~D8~D9~D10),"yes") -> 0 | D38: =COUNTIF((D11~D12~D13~D14~D15~D16~D17),"yes") -> 0 | E38: =COUNTIF((D18~D19~D20~D21~D22~D23),"yes") -> 0
A39: F7 Verifier errors observed | B39: =COUNTIF(N4:N23,"yes") -> 0 | C39: =COUNTIF((N4~N5~N6~N7~N8~N9~N10),"yes") -> 0 | D39: =COUNTIF((N11~N12~N13~N14~N15~N16~N17),"yes") -> 0 | E39: =COUNTIF((N18~N19~N20~N21~N22~N23),"yes") -> 0

Sheet GPT-4o
A1: Experiment Tracking — GPT-4o
A2: Example ID | B2: Difficulty | C2: iter_refactor | D2: F6 observed | E2: Refactor notes | F2: iter_translate | G2: F1 RNG error | H2: F2 Structure error | I2: F3 Gradient error | J2: F4 JIT error | K2: F5 Library error | L2: Translation notes | M2: iter_verifier | N2: F7 observed | O2: Verifier notes | P2: Tier 1 pass | Q2: Tier 2 pass | R2: Full pipeline pass | S2: Notes
A3: e1-e7, m1-m7, h1-h6 | B3: Easy / Medium / Hard | C3: 1, 2, 3, or FAIL | D3: yes / no — refactoring logic change | E3: Brief description of any F6 failure | F3: 1, 2, 3, or FAIL | G3: yes / no | H3: yes / no | I3: yes / no | J3: yes / no | K3: yes / no | L3: Brief description of failure | M3: 1, 2, 3, or FAIL | N3: yes / no — wrong imports, RNG in test, etc. | O3: Brief description of any F7 failure | P3: yes / no — unit equivalence | Q3: yes / no — convergence equivalence | R3: yes/no — auto from formula | S3: Any unusual behaviour
A4: e1 | B4: Easy | R4: =IF(AND(C4="1",F4="1",M4="1",P4="yes",Q4="yes"),"yes","no") -> no
A5: e2 | B5: Easy | R5: =IF(AND(C5="1",F5="1",M5="1",P5="yes",Q5="yes"),"yes","no") -> no
A6: e3 | B6: Easy | R6: =IF(AND(C6="1",F6="1",M6="1",P6="yes",Q6="yes"),"yes","no") -> no
A7: e4 | B7: Easy | R7: =IF(AND(C7="1",F7="1",M7="1",P7="yes",Q7="yes"),"yes","no") -> no
A8: e5 | B8: Easy | R8: =IF(AND(C8="1",F8="1",M8="1",P8="yes",Q8="yes"),"yes","no") -> no
A9: e6 | B9: Easy | R9: =IF(AND(C9="1",F9="1",M9="1",P9="yes",Q9="yes"),"yes","no") -> no
A10: e7 | B10: Easy | R10: =IF(AND(C10="1",F10="1",M10="1",P10="yes",Q10="yes"),"yes","no") -> no
A11: m1 | B11: Medium | R11: =IF(AND(C11="1",F11="1",M11="1",P11="yes",Q11="yes"),"yes","no") -> no
A12: m2 | B12: Medium | R12: =IF(AND(C12="1",F12="1",M12="1",P12="yes",Q12="yes"),"yes","no") -> no
A13: m3 | B13: Medium | R13: =IF(AND(C13="1",F13="1",M13="1",P13="yes",Q13="yes"),"yes","no") -> no
A14: m4 | B14: Medium | R14: =IF(AND(C14="1",F14="1",M14="1",P14="yes",Q14="yes"),"yes","no") -> no
A15: m5 | B15: Medium | R15: =IF(AND(C15="1",F15="1",M15="1",P15="yes",Q15="yes"),"yes","no") -> no
... A23: h6 | B23: Hard | R23: =IF(AND(C23="1",F23="1",M23="1",P23="yes",Q23="yes"),"yes","no") -> no
A25: Summary Statistics — GPT-4o
A26: Metric | B26: All (n=20) | C26: Easy (n=7) | D26: Medium (n=7) | E26: Hard (n=6)
A27: Full pipeline pass (1st attempt) | B27: =COUNTIF(R4:R23,"yes") -> 0 | C27: =COUNTIF((R4~R5~R6~R7~R8~R9~R10),"yes") -> 0 | D27: =COUNTIF((R11~R12~R13~R14~R15~R16~R17),"yes") -> 0 | E27: =COUNTIF((R18~R19~R20~R21~R22~R23),"yes") -> 0
A28: Tier 1 pass (1st attempt) | B28: =COUNTIF(P4:P23,"yes") -> 0 | C28: =COUNTIF((P4~P5~P6~P7~P8~P9~P10),"yes") -> 0 | D28: =COUNTIF((P11~P12~P13~P14~P15~P16~P17),"yes") -> 0 | E28: =COUNTIF((P18~P19~P20~P21~P22~P23),"yes") -> 0
A29: Tier 2 pass (1st attempt) | B29: =COUNTIF(Q4:Q23,"yes") -> 0 | C29: =COUNTIF((Q4~Q5~Q6~Q7~Q8~Q9~Q10),"yes") -> 0 | D29: =COUNTIF((Q11~Q12~Q13~Q14~Q15~Q16~Q17),"yes") -> 0 | E29: =COUNTIF((Q18~Q19~Q20~Q21~Q22~Q23),"yes") -> 0
A30: iter_refactor = 1 | B30: =COUNTIF(C4:C23,"1") -> 0 | C30: =COUNTIF((C4~C5~C6~C7~C8~C9~C10),"1") -> 0 | D30: =COUNTIF((C11~C12~C13~C14~C15~C16~C17),"1") -> 0 | E30: =COUNTIF((C18~C19~C20~C21~C22~C23),"1") -> 0
A31: iter_translate = 1 | B31: =COUNTIF(F4:F23,"1") -> 0 | C31: =COUNTIF((F4~F5~F6~F7~F8~F9~F10),"1") -> 0 | D31: =COUNTIF((F11~F12~F13~F14~F15~F16~F17),"1") -> 0 | E31: =COUNTIF((F18~F19~F20~F21~F22~F23),"1") -> 0
A32: iter_verifier = 1 | B32: =COUNTIF(M4:M23,"1") -> 0 | C32: =COUNTIF((M4~M5~M6~M7~M8~M9~M10),"1") -> 0 | D32: =COUNTIF((M11~M12~M13~M14~M15~M16~M17),"1") -> 0 | E32: =COUNTIF((M18~M19~M20~M21~M22~M23),"1") -> 0
A33: F1 RNG errors observed | B33: =COUNTIF(G4:G23,"yes") -> 0 | C33: =COUNTIF((G4~G5~G6~G7~G8~G9~G10),"yes") -> 0 | D33: =COUNTIF((G11~G12~G13~G14~G15~G16~G17),"yes") -> 0 | E33: =COUNTIF((G18~G19~G20~G21~G22~G23),"yes") -> 0
A34: F2 Structure errors observed | B34: =COUNTIF(H4:H23,"yes") -> 0 | C34: =COUNTIF((H4~H5~H6~H7~H8~H9~H10),"yes") -> 0 | D34: =COUNTIF((H11~H12~H13~H14~H15~H16~H17),"yes") -> 0 | E34: =COUNTIF((H18~H19~H20~H21~H22~H23),"yes") -> 0
A35: F3 Gradient errors observed | B35: =COUNTIF(I4:I23,"yes") -> 0 | C35: =COUNTIF((I4~I5~I6~I7~I8~I9~I10),"yes") -> 0 | D35: =COUNTIF((I11~I12~I13~I14~I15~I16~I17),"yes") -> 0 | E35: =COUNTIF((I18~I19~I20~I21~I22~I23),"yes") -> 0
A36: F4 JIT errors observed | B36: =COUNTIF(J4:J23,"yes") -> 0 | C36: =COUNTIF((J4~J5~J6~J7~J8~J9~J10),"yes") -> 0 | D36: =COUNTIF((J11~J12~J13~J14~J15~J16~J17),"yes") -> 0 | E36: =COUNTIF((J18~J19~J20~J21~J22~J23),"yes") -> 0
A37: F5 Library errors observed | B37: =COUNTIF(K4:K23,"yes") -> 0 | C37: =COUNTIF((K4~K5~K6~K7~K8~K9~K10),"yes") -> 0 | D37: =COUNTIF((K11~K12~K13~K14~K15~K16~K17),"yes") -> 0 | E37: =COUNTIF((K18~K19~K20~K21~K22~K23),"yes") -> 0
A38: F6 Refactor errors observed | B38: =COUNTIF(D4:D23,"yes") -> 0 | C38: =COUNTIF((D4~D5~D6~D7~D8~D9~D10),"yes") -> 0 | D38: =COUNTIF((D11~D12~D13~D14~D15~D16~D17),"yes") -> 0 | E38: =COUNTIF((D18~D19~D20~D21~D22~D23),"yes") -> 0
A39: F7 Verifier errors observed | B39: =COUNTIF(N4:N23,"yes") -> 0 | C39: =COUNTIF((N4~N5~N6~N7~N8~N9~N10),"yes") -> 0 | D39: =COUNTIF((N11~N12~N13~N14~N15~N16~N17),"yes") -> 0 | E39: =COUNTIF((N18~N19~N20~N21~N22~N23),"yes") -> 0

Sheet Gemini
A1: Experiment Tracking — Gemini 1.5 Pro
A2: Example ID | B2: Difficulty | C2: iter_refactor | D2: F6 observed | E2: Refactor notes | F2: iter_translate | G2: F1 RNG error | H2: F2 Structure error | I2: F3 Gradient error | J2: F4 JIT error | K2: F5 Library error | L2: Translation notes | M2: iter_verifier | N2: F7 observed | O2: Verifier notes | P2: Tier 1 pass | Q2: Tier 2 pass | R2: Full pipeline pass | S2: Notes
A3: e1-e7, m1-m7, h1-h6 | B3: Easy / Medium / Hard | C3: 1, 2, 3, or FAIL | D3: yes / no — refactoring logic change | E3: Brief description of any F6 failure | F3: 1, 2, 3, or FAIL | G3: yes / no | H3: yes / no | I3: yes / no | J3: yes / no | K3: yes / no | L3: Brief description of failure | M3: 1, 2, 3, or FAIL | N3: yes / no — wrong imports, RNG in test, etc. | O3: Brief description of any F7 failure | P3: yes / no — unit equivalence | Q3: yes / no — convergence equivalence | R3: yes/no — auto from formula | S3: Any unusual behaviour
A4: e1 | B4: Easy | R4: =IF(AND(C4="1",F4="1",M4="1",P4="yes",Q4="yes"),"yes","no") -> no
A5: e2 | B5: Easy | R5: =IF(AND(C5="1",F5="1",M5="1",P5="yes",Q5="yes"),"yes","no") -> no
A6: e3 | B6: Easy | R6: =IF(AND(C6="1",F6="1",M6="1",P6="yes",Q6="yes"),"yes","no") -> no
A7: e4 | B7: Easy | R7: =IF(AND(C7="1",F7="1",M7="1",P7="yes",Q7="yes"),"yes","no") -> no
A8: e5 | B8: Easy | R8: =IF(AND(C8="1",F8="1",M8="1",P8="yes",Q8="yes"),"yes","no") -> no
A9: e6 | B9: Easy | R9: =IF(AND(C9="1",F9="1",M9="1",P9="yes",Q9="yes"),"yes","no") -> no
A10: e7 | B10: Easy | R10: =IF(AND(C10="1",F10="1",M10="1",P10="yes",Q10="yes"),"yes","no") -> no
A11: m1 | B11: Medium | R11: =IF(AND(C11="1",F11="1",M11="1",P11="yes",Q11="yes"),"yes","no") -> no
A12: m2 | B12: Medium | R12: =IF(AND(C12="1",F12="1",M12="1",P12="yes",Q12="yes"),"yes","no") -> no
A13: m3 | B13: Medium | R13: =IF(AND(C13="1",F13="1",M13="1",P13="yes",Q13="yes"),"yes","no") -> no
A14: m4 | B14: Medium | R14: =IF(AND(C14="1",F14="1",M14="1",P14="yes",Q14="yes"),"yes","no") -> no
A15: m5 | B15: Medium | R15: =IF(AND(C15="1",F15="1",M15="1",P15="yes",Q15="yes"),"yes","no") -> no
... A23: h6 | B23: Hard | R23: =IF(AND(C23="1",F23="1",M23="1",P23="yes",Q23="yes"),"yes","no") -> no
A25: Summary Statistics — Gemini 1.5 Pro
A26: Metric | B26: All (n=20) | C26: Easy (n=7) | D26: Medium (n=7) | E26: Hard (n=6)
A27: Full pipeline pass (1st attempt) | B27: =COUNTIF(R4:R23,"yes") -> 0 | C27: =COUNTIF((R4~R5~R6~R7~R8~R9~R10),"yes") -> 0 | D27: =COUNTIF((R11~R12~R13~R14~R15~R16~R17),"yes") -> 0 | E27: =COUNTIF((R18~R19~R20~R21~R22~R23),"yes") -> 0
A28: Tier 1 pass (1st attempt) | B28: =COUNTIF(P4:P23,"yes") -> 0 | C28: =COUNTIF((P4~P5~P6~P7~P8~P9~P10),"yes") -> 0 | D28: =COUNTIF((P11~P12~P13~P14~P15~P16~P17),"yes") -> 0 | E28: =COUNTIF((P18~P19~P20~P21~P22~P23),"yes") -> 0
A29: Tier 2 pass (1st attempt) | B29: =COUNTIF(Q4:Q23,"yes") -> 0 | C29: =COUNTIF((Q4~Q5~Q6~Q7~Q8~Q9~Q10),"yes") -> 0 | D29: =COUNTIF((Q11~Q12~Q13~Q14~Q15~Q16~Q17),"yes") -> 0 | E29: =COUNTIF((Q18~Q19~Q20~Q21~Q22~Q23),"yes") -> 0
A30: iter_refactor = 1 | B30: =COUNTIF(C4:C23,"1") -> 0 | C30: =COUNTIF((C4~C5~C6~C7~C8~C9~C10),"1") -> 0 | D30: =COUNTIF((C11~C12~C13~C14~C15~C16~C17),"1") -> 0 | E30: =COUNTIF((C18~C19~C20~C21~C22~C23),"1") -> 0
A31: iter_translate = 1 | B31: =COUNTIF(F4:F23,"1") -> 0 | C31: =COUNTIF((F4~F5~F6~F7~F8~F9~F10),"1") -> 0 | D31: =COUNTIF((F11~F12~F13~F14~F15~F16~F17),"1") -> 0 | E31: =COUNTIF((F18~F19~F20~F21~F22~F23),"1") -> 0
A32: iter_verifier = 1 | B32: =COUNTIF(M4:M23,"1") -> 0 | C32: =COUNTIF((M4~M5~M6~M7~M8~M9~M10),"1") -> 0 | D32: =COUNTIF((M11~M12~M13~M14~M15~M16~M17),"1") -> 0 | E32: =COUNTIF((M18~M19~M20~M21~M22~M23),"1") -> 0
A33: F1 RNG errors observed | B33: =COUNTIF(G4:G23,"yes") -> 0 | C33: =COUNTIF((G4~G5~G6~G7~G8~G9~G10),"yes") -> 0 | D33: =COUNTIF((G11~G12~G13~G14~G15~G16~G17),"yes") -> 0 | E33: =COUNTIF((G18~G19~G20~G21~G22~G23),"yes") -> 0
A34: F2 Structure errors observed | B34: =COUNTIF(H4:H23,"yes") -> 0 | C34: =COUNTIF((H4~H5~H6~H7~H8~H9~H10),"yes") -> 0 | D34: =COUNTIF((H11~H12~H13~H14~H15~H16~H17),"yes") -> 0 | E34: =COUNTIF((H18~H19~H20~H21~H22~H23),"yes") -> 0
A35: F3 Gradient errors observed | B35: =COUNTIF(I4:I23,"yes") -> 0 | C35: =COUNTIF((I4~I5~I6~I7~I8~I9~I10),"yes") -> 0 | D35: =COUNTIF((I11~I12~I13~I14~I15~I16~I17),"yes") -> 0 | E35: =COUNTIF((I18~I19~I20~I21~I22~I23),"yes") -> 0
A36: F4 JIT errors observed | B36: =COUNTIF(J4:J23,"yes") -> 0 | C36: =COUNTIF((J4~J5~J6~J7~J8~J9~J10),"yes") -> 0 | D36: =COUNTIF((J11~J12~J13~J14~J15~J16~J17),"yes") -> 0 | E36: =COUNTIF((J18~J19~J20~J21~J22~J23),"yes") -> 0
A37: F5 Library errors observed | B37: =COUNTIF(K4:K23,"yes") -> 0 | C37: =COUNTIF((K4~K5~K6~K7~K8~K9~K10),"yes") -> 0 | D37: =COUNTIF((K11~K12~K13~K14~K15~K16~K17),"yes") -> 0 | E37: =COUNTIF((K18~K19~K20~K21~K22~K23),"yes") -> 0
A38: F6 Refactor errors observed | B38: =COUNTIF(D4:D23,"yes") -> 0 | C38: =COUNTIF((D4~D5~D6~D7~D8~D9~D10),"yes") -> 0 | D38: =COUNTIF((D11~D12~D13~D14~D15~D16~D17),"yes") -> 0 | E38: =COUNTIF((D18~D19~D20~D21~D22~D23),"yes") -> 0
A39: F7 Verifier errors observed | B39: =COUNTIF(N4:N23,"yes") -> 0 | C39: =COUNTIF((N4~N5~N6~N7~N8~N9~N10),"yes") -> 0 | D39: =COUNTIF((N11~N12~N13~N14~N15~N16~N17),"yes") -> 0 | E39: =COUNTIF((N18~N19~N20~N21~N22~N23),"yes") -> 0

Sheet DeepSeek
A1: Experiment Tracking — DeepSeek-Coder-V2
A2: Example ID | B2: Difficulty | C2: iter_refactor | D2: F6 observed | E2: Refactor notes | F2: iter_translate | G2: F1 RNG error | H2: F2 Structure error | I2: F3 Gradient error | J2: F4 JIT error | K2: F5 Library error | L2: Translation notes | M2: iter_verifier | N2: F7 observed | O2: Verifier notes | P2: Tier 1 pass | Q2: Tier 2 pass | R2: Full pipeline pass | S2: Notes
A3: e1-e7, m1-m7, h1-h6 | B3: Easy / Medium / Hard | C3: 1, 2, 3, or FAIL | D3: yes / no — refactoring logic change | E3: Brief description of any F6 failure | F3: 1, 2, 3, or FAIL | G3: yes / no | H3: yes / no | I3: yes / no | J3: yes / no | K3: yes / no | L3: Brief description of failure | M3: 1, 2, 3, or FAIL | N3: yes / no — wrong imports, RNG in test, etc. | O3: Brief description of any F7 failure | P3: yes / no — unit equivalence | Q3: yes / no — convergence equivalence | R3: yes/no — auto from formula | S3: Any unusual behaviour
A4: e1 | B4: Easy | R4: =IF(AND(C4="1",F4="1",M4="1",P4="yes",Q4="yes"),"yes","no") -> no
A5: e2 | B5: Easy | R5: =IF(AND(C5="1",F5="1",M5="1",P5="yes",Q5="yes"),"yes","no") -> no
A6: e3 | B6: Easy | R6: =IF(AND(C6="1",F6="1",M6="1",P6="yes",Q6="yes"),"yes","no") -> no
A7: e4 | B7: Easy | R7: =IF(AND(C7="1",F7="1",M7="1",P7="yes",Q7="yes"),"yes","no") -> no
A8: e5 | B8: Easy | R8: =IF(AND(C8="1",F8="1",M8="1",P8="yes",Q8="yes"),"yes","no") -> no
A9: e6 | B9: Easy | R9: =IF(AND(C9="1",F9="1",M9="1",P9="yes",Q9="yes"),"yes","no") -> no
A10: e7 | B10: Easy | R10: =IF(AND(C10="1",F10="1",M10="1",P10="yes",Q10="yes"),"yes","no") -> no
A11: m1 | B11: Medium | R11: =IF(AND(C11="1",F11="1",M11="1",P11="yes",Q11="yes"),"yes","no") -> no
A12: m2 | B12: Medium | R12: =IF(AND(C12="1",F12="1",M12="1",P12="yes",Q12="yes"),"yes","no") -> no
A13: m3 | B13: Medium | R13: =IF(AND(C13="1",F13="1",M13="1",P13="yes",Q13="yes"),"yes","no") -> no
A14: m4 | B14: Medium | R14: =IF(AND(C14="1",F14="1",M14="1",P14="yes",Q14="yes"),"yes","no") -> no
A15: m5 | B15: Medium | R15: =IF(AND(C15="1",F15="1",M15="1",P15="yes",Q15="yes"),"yes","no") -> no
... A23: h6 | B23: Hard | R23: =IF(AND(C23="1",F23="1",M23="1",P23="yes",Q23="yes"),"yes","no") -> no
A25: Summary Statistics — DeepSeek-Coder-V2
A26: Metric | B26: All (n=20) | C26: Easy (n=7) | D26: Medium (n=7) | E26: Hard (n=6)
A27: Full pipeline pass (1st attempt) | B27: =COUNTIF(R4:R23,"yes") -> 0 | C27: =COUNTIF((R4~R5~R6~R7~R8~R9~R10),"yes") -> 0 | D27: =COUNTIF((R11~R12~R13~R14~R15~R16~R17),"yes") -> 0 | E27: =COUNTIF((R18~R19~R20~R21~R22~R23),"yes") -> 0
A28: Tier 1 pass (1st attempt) | B28: =COUNTIF(P4:P23,"yes") -> 0 | C28: =COUNTIF((P4~P5~P6~P7~P8~P9~P10),"yes") -> 0 | D28: =COUNTIF((P11~P12~P13~P14~P15~P16~P17),"yes") -> 0 | E28: =COUNTIF((P18~P19~P20~P21~P22~P23),"yes") -> 0
A29: Tier 2 pass (1st attempt) | B29: =COUNTIF(Q4:Q23,"yes") -> 0 | C29: =COUNTIF((Q4~Q5~Q6~Q7~Q8~Q9~Q10),"yes") -> 0 | D29: =COUNTIF((Q11~Q12~Q13~Q14~Q15~Q16~Q17),"yes") -> 0 | E29: =COUNTIF((Q18~Q19~Q20~Q21~Q22~Q23),"yes") -> 0
A30: iter_refactor = 1 | B30: =COUNTIF(C4:C23,"1") -> 0 | C30: =COUNTIF((C4~C5~C6~C7~C8~C9~C10),"1") -> 0 | D30: =COUNTIF((C11~C12~C13~C14~C15~C16~C17),"1") -> 0 | E30: =COUNTIF((C18~C19~C20~C21~C22~C23),"1") -> 0
A31: iter_translate = 1 | B31: =COUNTIF(F4:F23,"1") -> 0 | C31: =COUNTIF((F4~F5~F6~F7~F8~F9~F10),"1") -> 0 | D31: =COUNTIF((F11~F12~F13~F14~F15~F16~F17),"1") -> 0 | E31: =COUNTIF((F18~F19~F20~F21~F22~F23),"1") -> 0
A32: iter_verifier = 1 | B32: =COUNTIF(M4:M23,"1") -> 0 | C32: =COUNTIF((M4~M5~M6~M7~M8~M9~M10),"1") -> 0 | D32: =COUNTIF((M11~M12~M13~M14~M15~M16~M17),"1") -> 0 | E32: =COUNTIF((M18~M19~M20~M21~M22~M23),"1") -> 0
A33: F1 RNG errors observed | B33: =COUNTIF(G4:G23,"yes") -> 0 | C33: =COUNTIF((G4~G5~G6~G7~G8~G9~G10),"yes") -> 0 | D33: =COUNTIF((G11~G12~G13~G14~G15~G16~G17),"yes") -> 0 | E33: =COUNTIF((G18~G19~G20~G21~G22~G23),"yes") -> 0
A34: F2 Structure errors observed | B34: =COUNTIF(H4:H23,"yes") -> 0 | C34: =COUNTIF((H4~H5~H6~H7~H8~H9~H10),"yes") -> 0 | D34: =COUNTIF((H11~H12~H13~H14~H15~H16~H17),"yes") -> 0 | E34: =COUNTIF((H18~H19~H20~H21~H22~H23),"yes") -> 0
A35: F3 Gradient errors observed | B35: =COUNTIF(I4:I23,"yes") -> 0 | C35: =COUNTIF((I4~I5~I6~I7~I8~I9~I10),"yes") -> 0 | D35: =COUNTIF((I11~I12~I13~I14~I15~I16~I17),"yes") -> 0 | E35: =COUNTIF((I18~I19~I20~I21~I22~I23),"yes") -> 0
A36: F4 JIT errors observed | B36: =COUNTIF(J4:J23,"yes") -> 0 | C36: =COUNTIF((J4~J5~J6~J7~J8~J9~J10),"yes") -> 0 | D36: =COUNTIF((J11~J12~J13~J14~J15~J16~J17),"yes") -> 0 | E36: =COUNTIF((J18~J19~J20~J21~J22~J23),"yes") -> 0
A37: F5 Library errors observed | B37: =COUNTIF(K4:K23,"yes") -> 0 | C37: =COUNTIF((K4~K5~K6~K7~K8~K9~K10),"yes") -> 0 | D37: =COUNTIF((K11~K12~K13~K14~K15~K16~K17),"yes") -> 0 | E37: =COUNTIF((K18~K19~K20~K21~K22~K23),"yes") -> 0
A38: F6 Refactor errors observed | B38: =COUNTIF(D4:D23,"yes") -> 0 | C38: =COUNTIF((D4~D5~D6~D7~D8~D9~D10),"yes") -> 0 | D38: =COUNTIF((D11~D12~D13~D14~D15~D16~D17),"yes") -> 0 | E38: =COUNTIF((D18~D19~D20~D21~D22~D23),"yes") -> 0
A39: F7 Verifier errors observed | B39: =COUNTIF(N4:N23,"yes") -> 0 | C39: =COUNTIF((N4~N5~N6~N7~N8~N9~N10),"yes") -> 0 | D39: =COUNTIF((N11~N12~N13~N14~N15~N16~N17),"yes") -> 0 | E39: =COUNTIF((N18~N19~N20~N21~N22~N23),"yes") -> 0

Sheet Legend
A1: Field Reference & Failure Mode Taxonomy
A2: FIELD | B2: VALUES | C2: DESCRIPTION
A3: Example ID | B3: e1–e7, m1–m7, h1–h6 | C3: Unique identifier per example
A4: Difficulty | B4: Easy / Medium / Hard | C4: Complexity level of the PyTorch example
A5: iter_refactor | B5: 1 / 2 / 3 / FAIL | C5: Attempts until Step 3 (diff check) passes. 1 = first attempt.
A6: F6 observed | B6: yes / no | C6: Refactored PyTorch changed logic, hyperparameters, or seed sequence
A7: Refactor notes | B7: free text | C7: Brief description of F6 failure if observed
A8: iter_translate | B8: 1 / 2 / 3 / FAIL | C8: Attempts until Step 5 (translation checklist) passes.
A9: F1 RNG error | B9: yes / no | C9: jnp.random used, key reused, or key not split before use
A10: F2 Structure error | B10: yes / no | C10: train_model generates data internally, wrong function signature
A11: F3 Gradient error | B11: yes / no | C11: zero_grad not omitted, wrong value_and_grad, wrong update formula
A12: F4 JIT error | B12: yes / no | C12: print inside @jit, or @jit missing from train_step
A13: F5 Library error | B13: yes / no | C13: Wrong Flax API, wrong optax usage, wrong nn.Module conversion
... A21: Notes | B21: free text | C21: Any unusual behaviour during the run
A24: Colour Coding Guide
A25: Colour | B25: Label | C25: Meaning
B26: Green | C26: Pass / yes / iter = 1 — best outcome
B27: Yellow | C27: iter = 2 — needed one correction
B28: Orange | C28: iter = 3 — needed two corrections
B29: Red | C29: Fail / FAIL — exceeded correction cap
B30: Light green (row) | C30: Easy difficulty row
B31: Light orange (row) | C31: Medium difficulty row
B32: Light pink (row) | C32: Hard difficulty row
